{
  "pruned": {
    "auc_scores": [
      0.7972709551656919,
      0.7955653021442495,
      0.7948343079922027,
      0.797027290448343,
      0.8014132553606236
    ],
    "mean_auc": 0.7972222222222222,
    "ci_95": [
      0.7940533841250634,
      0.8003910603193809
    ]
  },
  "baseline": {
    "auc_scores": [
      0.8019005847953216,
      0.7992202729044834,
      0.8005604288499025,
      0.7993421052631579,
      0.8014132553606237
    ],
    "mean_auc": 0.8004873294346979,
    "ci_95": [
      0.7989951427462925,
      0.8019795161231034
    ]
  },
  "speedup_factor": 0.7593222020081392,
  "pruning_rate": 0.0
}